{
    "loss": 1.6937469244003296,
    "accuracy": 0.8512110710144043
}