{
    "loss": 0.711799144744873,
    "accuracy": 0.878892719745636
}